n,our_side_40_digits,our_side_exact,known_best,known_best_source,improvement_vs_known_best,type_vs_record,found_by,exact_check,check_packing_py
123,11.6009077785163405849289119942113757133483,3265365246780355/281474976710656,11.601384658375975,https://github.com/franciscouzo/square-packing/blob/f3c5a529c255b546db18605702b8da298132309f/n123.txt,4.768799e-04,rearrangement,"SQUISH propagation: seeded from Francisco Couzo's (from the Squares Project tracker) n = 102 packing, grafted into the n record, then searched and polished (Phase 10)","valid (SQUISH, exact rational arithmetic)",VALID at epsilon 1E-40
126,11.7733036066072402903159854758968888931609,3196078786847066046655612475207/271468306062659398105946914816,11.774735132387832,https://kingbird.myphotos.cc/packing/square-126.svg,1.431526e-03,rearrangement,"SQUISH propagation: seeded from Francisco Couzo's (from the Squares Project tracker) n = 105 packing, grafted into the n record, then searched and polished (Phase 10)","valid (SQUISH, exact rational arithmetic)",VALID at epsilon 1E-40
129,11.8793752067111286763179123227552529520462,834747022819761305154502413903/70268596478725557239871963136,11.881306218090000,https://kingbird.myphotos.cc/packing/square-129.svg,1.931011e-03,new geometry,"SQUISH propagation: seeded from Francisco Couzo's (from the Squares Project tracker) n = 131 packing, then searched and polished (Phase 10)","valid (SQUISH, exact rational arithmetic)",VALID at epsilon 1E-40
153,12.8796793733329639763951490749605000019073,7250614903299225/562949953421312,12.881666757009000,https://kingbird.myphotos.cc/packing/square-153.svg,1.987384e-03,new alignment,"SQUISH propagation: seeded from our own certified n = 154 packing, then searched and polished (Phase 10)","valid (SQUISH, exact rational arithmetic)",VALID at epsilon 1E-40
154,12.9265622458535389682765526231378316879272,1819251903550235/140737488355328,12.931663721166847,https://github.com/franciscouzo/square-packing/blob/f3c5a529c255b546db18605702b8da298132309f/n154.txt,5.101475e-03,new alignment,"SQUISH propagation: seeded from our own certified n = 155 packing, then searched and polished (Phase 10)","valid (SQUISH, exact rational arithmetic)",VALID at epsilon 1E-40
155,12.9525032026045128219493562937714159488677,7291611074595605/562949953421312,12.955619592134452,https://github.com/franciscouzo/square-packing/blob/f3c5a529c255b546db18605702b8da298132309f/n155.txt,3.116390e-03,new alignment,"SQUISH propagation: seeded from Francisco Couzo's (from the Squares Project tracker) n = 156 packing, then searched and polished (Phase 10)","valid (SQUISH, exact rational arithmetic)",VALID at epsilon 1E-40
179,13.8913125657406979485131159890443086624145,1955028440461153/140737488355328,13.895341069976491,https://kingbird.myphotos.cc/packing/square-179.svg,4.028504e-03,new geometry,"SQUISH propagation: seeded from Francisco Couzo's (from the Squares Project tracker) n = 180 packing, then searched and polished (Phase 10)","valid (SQUISH, exact rational arithmetic)",VALID at epsilon 1E-40
208,14.9245187720328189584506617393344640731811,2100439286887843/140737488355328,14.926534459699424,https://github.com/franciscouzo/square-packing/blob/6042c56b43b64c09fe5a32c64879e698f399beaf/n208.txt,2.015688e-03,rearrangement,"SQUISH propagation: seeded from Francisco Couzo's (from the Squares Project tracker) n = 209 packing, then searched and polished (Phase 10)","valid (SQUISH, exact rational arithmetic)",VALID at epsilon 1E-40
237,15.9036762351906286738767448696307837963104,8952973795828191/562949953421312,15.911191683001784,https://github.com/franciscouzo/square-packing/blob/f3c5a529c255b546db18605702b8da298132309f/n237.txt,7.515448e-03,new geometry,"SQUISH propagation: seeded from Francisco Couzo's (from the Squares Project tracker) n = 238 packing, then searched and polished (Phase 10)","valid (SQUISH, exact rational arithmetic)",VALID at epsilon 1E-40
238,15.9261468570124709032143073272891342639923,8965623631336145/562949953421312,15.931725503591329,https://github.com/franciscouzo/square-packing/blob/f3c5a529c255b546db18605702b8da298132309f/n238.txt,5.578647e-03,new geometry,"SQUISH propagation: seeded from our own certified n = 239 packing, then searched and polished (Phase 10)","valid (SQUISH, exact rational arithmetic)",VALID at epsilon 1E-40
239,15.9493131697291907755698048276826739311218,4489332553000483/281474976710656,15.953819333480780,https://github.com/franciscouzo/square-packing/blob/f3c5a529c255b546db18605702b8da298132309f/n239.txt,4.506164e-03,new alignment,"SQUISH propagation: seeded from Francisco Couzo's (from the Squares Project tracker) n = 210 packing, grafted into the n record, then searched and polished (Phase 10)","valid (SQUISH, exact rational arithmetic)",VALID at epsilon 1E-40
258,16.5634480021391539139585802331566810607910,582774517581285/35184372088832,16.571067811865468,https://kingbird.myphotos.cc/packing/square-258.svg,7.619810e-03,new alignment,"SQUISH propagation: seeded from Francisco Couzo's (from the Squares Project tracker) n = 259 packing, then searched and polished (Phase 10)","valid (SQUISH, exact rational arithmetic)",VALID at epsilon 1E-40
263,16.7404464800428691706457564562256125621045,1688127953620802672872096218104440928487712119/100841274193809894793232914114737381771837440,16.742270262025059,https://github.com/franciscouzo/square-packing/blob/6042c56b43b64c09fe5a32c64879e698f399beaf/n263.txt,1.823782e-03,rearrangement,"SQUISH propagation: seeded from Francisco Couzo's (from the Squares Project tracker) n = 297 packing, with the squares the n record lacks removed, then searched and polished (Phase 10)","valid (SQUISH, exact rational arithmetic)",VALID at epsilon 1E-40
