n,our_side_40_digits,our_side_exact,ellsworth_record,tracker_best,tracker_source,improvement_vs_tracker,improvement_vs_ellsworth,type_vs_record,found_by,exact_check,check_packing_py
108,10.9206589394033084516877352143637835979461,6147784441267127/562949953421312,10.92591939016138,10.92591939016138,https://kingbird.myphotos.cc/packing/square-108.svg,5.260451e-03,5.260451e-03,rearrangement,"SQUISH propagation: seeded from our own certified n = 110 packing, then searched and polished","valid (SQUISH verify_exact, rational arithmetic)",VALID at epsilon 1E-40
126,11.7735852916961070135926092916646124353398,4828972106460286237253237344483/410153066106902321950462312448,11.77473513240654,11.774735132387832842560264587322,https://kingbird.myphotos.cc/packing/square-126.svg,1.149841e-03,1.149841e-03,rearrangement,SQUISH nearby search from the published record (Phase 2),"valid (SQUISH verify_exact, rational arithmetic)",VALID at epsilon 1E-40
129,11.8808935876459917935221710649962543231470,834853717316974191611773864459/70268596478725557239871963136,11.88130621809,11.88130621809000,https://kingbird.myphotos.cc/packing/square-129.svg,4.126304e-04,4.126304e-04,new geometry,"SQUISH propagation: seeded from our own certified n = 130 packing, then searched and polished","valid (SQUISH verify_exact, rational arithmetic)",VALID at epsilon 1E-40
130,11.9044830325168771167909653740935027599334,6701628168660175/562949953421312,11.91119052015898,11.911187706548755,https://github.com/franciscouzo/square-packing/blob/f3c5a529c255b546db18605702b8da298132309f/n130.txt,6.704674e-03,6.707488e-03,new alignment,"SQUISH propagation: seeded from our own certified n = 131 packing, then searched and polished","valid (SQUISH verify_exact, rational arithmetic)",VALID at epsilon 1E-40
154,12.9282936576777576220820265007205307483673,7277982312406737/562949953421312,12.93166712962655,12.931663721166847019324363825319,https://github.com/franciscouzo/square-packing/blob/f3c5a529c255b546db18605702b8da298132309f/n154.txt,3.370063e-03,3.373472e-03,new geometry,"SQUISH propagation: seeded from our own certified n = 155 packing, then searched and polished","valid (SQUISH verify_exact, rational arithmetic)",VALID at epsilon 1E-40
155,12.9536770693532732323660638940074289119800,1672234187663680786096364585719/129093397859976830657337753600,12.95844711161529,12.95561959213445243801096476729,https://github.com/franciscouzo/square-packing/blob/f3c5a529c255b546db18605702b8da298132309f/n155.txt,1.942523e-03,4.770042e-03,new alignment,"SQUISH propagation: seeded from our own certified n = 156 packing, then searched and polished","valid (SQUISH verify_exact, rational arithmetic)",VALID at epsilon 1E-40
180,13.9236350042524223979967246123135258207999,3068446722737763377509947691807/220376842814439473250054438912,13.93508705291129,13.927888140498096339178993024781,https://github.com/franciscouzo/square-packing/blob/f3c5a529c255b546db18605702b8da298132309f/n180.txt,4.253136e-03,1.145205e-02,new alignment,"SQUISH propagation: seeded from our own certified n = 182 packing, then searched and polished","valid (SQUISH verify_exact, rational arithmetic)",VALID at epsilon 1E-40
209,14.9496179522017920149323799705614123386570,4785398243001234645794991233471/320101708170839058852217880576,14.95861500087481,14.953939011857122362887224108935,https://github.com/franciscouzo/square-packing/blob/6042c56b43b64c09fe5a32c64879e698f399beaf/n209.txt,4.321060e-03,8.997049e-03,new alignment,"SQUISH propagation: seeded from our own certified n = 210 packing, then searched and polished","valid (SQUISH verify_exact, rational arithmetic)",VALID at epsilon 1E-40
238,15.9294090272583144241025365772657096385955,8967460069924095/562949953421312,15.93965520031394,15.931725503591328233767187231141,https://github.com/franciscouzo/square-packing/blob/f3c5a529c255b546db18605702b8da298132309f/n238.txt,2.316476e-03,1.024617e-02,new alignment,"SQUISH propagation: seeded from our own certified n = 239 packing, then searched and polished","valid (SQUISH verify_exact, rational arithmetic)",VALID at epsilon 1E-40
303,17.9203123729203497305206838063895702362060,1261029876953859/70368744177664,17.93125509556197,17.924341009851128373110514612828,https://github.com/franciscouzo/square-packing/blob/6042c56b43b64c09fe5a32c64879e698f399beaf/n303.txt,4.028637e-03,1.094272e-02,new alignment,"SQUISH propagation: seeded from our own certified n = 304 packing, then searched and polished","valid (SQUISH verify_exact, rational arithmetic)",VALID at epsilon 1E-40
